,f_low,f_high,tau,A,h_rss,h_rss_crop,S,N
0,100,200,0.1,2.7999999999999997e-20,4.1522813055770455e-22,4.1522813055770455e-22,1.7241440040644612e-43,2.046609207001098e-37
1,100,200,0.1,5.599999999999999e-20,8.754430076481143e-22,8.754430076481143e-22,7.664004596399763e-43,2.046609207001098e-37
2,100,200,0.1,1.1199999999999999e-19,1.9957197931224484e-21,1.9957197931224484e-21,3.9828974926607084e-42,2.046609207001098e-37
3,100,200,0.1,1.6800000000000002e-19,2.533861610946987e-21,2.533861610946987e-21,6.42045466343086e-42,2.046609207001098e-37
4,250,350,0.1,2.9e-20,5.13240441839091e-22,5.13240441839091e-22,2.6341575113918537e-43,2.046609207001098e-37
5,250,350,0.1,5.8e-20,1.005091704650302e-21,1.005091704650302e-21,1.0102093347568498e-42,2.046609207001098e-37
6,250,350,0.1,1.16e-19,1.5892781219018746e-21,1.5892781219018746e-21,2.52580494875595e-42,2.046609207001098e-37
7,250,350,0.1,1.7399999999999997e-19,2.6448557611683496e-21,2.6448557611683496e-21,6.99526199738541e-42,2.046609207001098e-37
